{"0": {"meanNetWorth": 710.7885229202043, "stdNetWorth": 122.35944183540185, "minNetWorth": 499.06860574736834, "maxNetWorth": 1000.0, "stdQuoteAsset": 234.81561530811797, "minQuoteAsset": -5.684341886080802e-14, "maxQuoteAsset": 1000.0, "stdBaseAsset": 0.056621803253417584, "minBaseAsset": 0.0, "maxBaseAsset": 0.2374380593558014, "NetWorthAtBegin": 1000.0, "meanNetWorthAtEnd": 499.5145300421949, "stdNetWorthAtEnd": 0.4459242948265967, "minNetWorthAtEnd": 499.06860574736834, "maxNetWorthAtEnd": 499.96045433702153, "current_action": {"type": 0, "amount": 75, "limit": 107}}, "1": {"meanNetWorth": 720.8927580972393, "stdNetWorth": 141.96963504022838, "minNetWorth": 485.6614025293693, "maxNetWorth": 1017.0058646417468, "stdQuoteAsset": 245.87988838484293, "minQuoteAsset": -5.684341886080802e-14, "maxQuoteAsset": 1000.0, "stdBaseAsset": 0.02438193620822961, "minBaseAsset": 0.0, "maxBaseAsset": 0.12798002928252092, "NetWorthAtBegin": 1000.0, "meanNetWorthAtEnd": 492.813819720736, "stdNetWorthAtEnd": 7.152417191366709, "minNetWorthAtEnd": 485.6614025293693, "maxNetWorthAtEnd": 499.9662369121027, "current_action": {"type": 4, "amount": 75, "limit": 96}}, "2": {"meanNetWorth": 735.1881815878909, "stdNetWorth": 159.52857420102808, "minNetWorth": 499.74301306694434, "maxNetWorth": 1105.037703359352, "stdQuoteAsset": 245.22359598954765, "minQuoteAsset": -5.684341886080802e-14, "maxQuoteAsset": 1059.9249648849654, "stdBaseAsset": 0.005025730798116537, "minBaseAsset": 0.0, "maxBaseAsset": 0.02557075535055118, "NetWorthAtBegin": 1000.0, "meanNetWorthAtEnd": 499.7996268494677, "stdNetWorthAtEnd": 0.05661378252332838, "minNetWorthAtEnd": 499.74301306694434, "maxNetWorthAtEnd": 499.856240631991, "current_action": {"type": 0, "amount": 100, "limit": 104}}}